ID,Name,kn,km,Mr,Rw,In,Jr,gradient,Vn,length,diameter
M1,EC-flat-90 160W 24V,134,0.0712,0.04685,0.216,6.39,3170,407,24,27.4,90
M2,EC-flat-60 100W 24V,182,0.0525,0.025882,0.293,5.14,835,1010,24,38,60
